title,description,assignee_username,label1,label2,label3
<<<<<<< HEAD
Test 1,This is the test1 desc,Ramesh,bug,feature,issue
Test 2,This is the test2 desc,Rajesh,question,feature,issue
Test 3,This is the test3 desc,Rajesh,question,feature,issue
=======
Test 1,This is the test1 desc,rameshsankar-appointe2e,bug,feature,improvement
Test 2,This is the test2 desc,rameshsankar-appointe2e,question,feature,bug
Test 3,This is the test3 desc,rameshsankar-appointe2e,enhancement,improvement,bug
>>>>>>> d9e9e228a9efa7ec293ae81deceb8224eca932fb
